{"summaries":[{"symbol":{"__symbol":0,"members":[]},"metadata":{"__symbolic":"class"},"type":{"summaryKind":2,"type":{"reference":{"__symbol":0,"members":[]},"diDeps":[],"lifecycleHooks":[]},"entryComponents":[{"componentType":{"__symbol":1,"members":[]},"componentFactory":{"__symbol":2,"members":[]}}],"providers":[{"provider":{"token":{"identifier":{"reference":{"__symbol":3,"members":[]}}},"useClass":{"reference":{"__symbol":4,"members":[]},"diDeps":[{"isAttribute":false,"isHost":false,"isSelf":false,"isSkipSelf":false,"isOptional":false,"token":{"identifier":{"reference":{"__symbol":5,"members":[]}}}}],"lifecycleHooks":[]},"useFactory":null,"deps":[{"isAttribute":false,"isHost":false,"isSelf":false,"isSkipSelf":false,"isOptional":false,"token":{"identifier":{"reference":{"__symbol":5,"members":[]}}}}],"multi":false},"module":{"reference":{"__symbol":6,"members":[]},"diDeps":[],"lifecycleHooks":[]}},{"provider":{"token":{"identifier":{"reference":{"__symbol":7,"members":[]},"diDeps":[{"isAttribute":false,"isHost":false,"isSelf":false,"isSkipSelf":false,"isOptional":false,"token":{"identifier":{"reference":{"__symbol":8,"members":[]}}}},{"isAttribute":false,"isHost":false,"isSelf":false,"isSkipSelf":false,"isOptional":false,"token":{"identifier":{"reference":{"__symbol":9,"members":[]}}}},{"isAttribute":false,"isHost":false,"isSelf":false,"isSkipSelf":false,"isOptional":false,"token":{"identifier":{"reference":{"__symbol":10,"members":[]}}}},{"isAttribute":false,"isHost":false,"isSelf":false,"isSkipSelf":false,"isOptional":false,"token":{"identifier":{"reference":{"__symbol":11,"members":[]}}}},{"isAttribute":false,"isHost":false,"isSelf":false,"isSkipSelf":false,"isOptional":false,"token":{"identifier":{"reference":{"__symbol":12,"members":[]}}}},{"isAttribute":false,"isHost":false,"isSelf":false,"isSkipSelf":false,"isOptional":false,"token":{"identifier":{"reference":{"__symbol":13,"members":[]}}}}],"lifecycleHooks":[1]}},"useClass":{"reference":{"__symbol":7,"members":[]},"diDeps":[{"isAttribute":false,"isHost":false,"isSelf":false,"isSkipSelf":false,"isOptional":false,"token":{"identifier":{"reference":{"__symbol":8,"members":[]}}}},{"isAttribute":false,"isHost":false,"isSelf":false,"isSkipSelf":false,"isOptional":false,"token":{"identifier":{"reference":{"__symbol":9,"members":[]}}}},{"isAttribute":false,"isHost":false,"isSelf":false,"isSkipSelf":false,"isOptional":false,"token":{"identifier":{"reference":{"__symbol":10,"members":[]}}}},{"isAttribute":false,"isHost":false,"isSelf":false,"isSkipSelf":false,"isOptional":false,"token":{"identifier":{"reference":{"__symbol":11,"members":[]}}}},{"isAttribute":false,"isHost":false,"isSelf":false,"isSkipSelf":false,"isOptional":false,"token":{"identifier":{"reference":{"__symbol":12,"members":[]}}}},{"isAttribute":false,"isHost":false,"isSelf":false,"isSkipSelf":false,"isOptional":false,"token":{"identifier":{"reference":{"__symbol":13,"members":[]}}}}],"lifecycleHooks":[1]},"useFactory":null,"deps":[{"isAttribute":false,"isHost":false,"isSelf":false,"isSkipSelf":false,"isOptional":false,"token":{"identifier":{"reference":{"__symbol":8,"members":[]}}}},{"isAttribute":false,"isHost":false,"isSelf":false,"isSkipSelf":false,"isOptional":false,"token":{"identifier":{"reference":{"__symbol":9,"members":[]}}}},{"isAttribute":false,"isHost":false,"isSelf":false,"isSkipSelf":false,"isOptional":false,"token":{"identifier":{"reference":{"__symbol":10,"members":[]}}}},{"isAttribute":false,"isHost":false,"isSelf":false,"isSkipSelf":false,"isOptional":false,"token":{"identifier":{"reference":{"__symbol":11,"members":[]}}}},{"isAttribute":false,"isHost":false,"isSelf":false,"isSkipSelf":false,"isOptional":false,"token":{"identifier":{"reference":{"__symbol":12,"members":[]}}}},{"isAttribute":false,"isHost":false,"isSelf":false,"isSkipSelf":false,"isOptional":false,"token":{"identifier":{"reference":{"__symbol":13,"members":[]}}}}],"multi":false},"module":{"reference":{"__symbol":14,"members":[]},"diDeps":[{"isAttribute":false,"isHost":false,"isSelf":false,"isSkipSelf":false,"isOptional":false,"token":{"identifier":{"reference":{"__symbol":15,"members":[]}}}}],"lifecycleHooks":[]}},{"provider":{"token":{"identifier":{"reference":{"__symbol":15,"members":[]}}},"useClass":null,"useFactory":null,"useExisting":{"identifier":{"reference":{"__symbol":7,"members":[]}}},"multi":false},"module":{"reference":{"__symbol":14,"members":[]},"diDeps":[{"isAttribute":false,"isHost":false,"isSelf":false,"isSkipSelf":false,"isOptional":false,"token":{"identifier":{"reference":{"__symbol":15,"members":[]}}}}],"lifecycleHooks":[]}},{"provider":{"token":{"identifier":{"reference":{"__symbol":13,"members":[]},"diDeps":[{"isAttribute":false,"isHost":false,"isSelf":false,"isSkipSelf":false,"isOptional":true,"token":{"identifier":{"reference":{"__symbol":16,"members":[]}}}}],"lifecycleHooks":[]}},"useClass":{"reference":{"__symbol":13,"members":[]},"diDeps":[{"isAttribute":false,"isHost":false,"isSelf":false,"isSkipSelf":false,"isOptional":true,"token":{"identifier":{"reference":{"__symbol":16,"members":[]}}}}],"lifecycleHooks":[]},"useFactory":null,"deps":[{"isAttribute":false,"isHost":false,"isSelf":false,"isSkipSelf":false,"isOptional":true,"token":{"identifier":{"reference":{"__symbol":16,"members":[]}}}}],"multi":false},"module":{"reference":{"__symbol":14,"members":[]},"diDeps":[{"isAttribute":false,"isHost":false,"isSelf":false,"isSkipSelf":false,"isOptional":false,"token":{"identifier":{"reference":{"__symbol":15,"members":[]}}}}],"lifecycleHooks":[]}},{"provider":{"token":{"identifier":{"reference":{"__symbol":17,"members":[]},"diDeps":[],"lifecycleHooks":[]}},"useClass":{"reference":{"__symbol":17,"members":[]},"diDeps":[],"lifecycleHooks":[]},"useFactory":null,"deps":[],"multi":false},"module":{"reference":{"__symbol":14,"members":[]},"diDeps":[{"isAttribute":false,"isHost":false,"isSelf":false,"isSkipSelf":false,"isOptional":false,"token":{"identifier":{"reference":{"__symbol":15,"members":[]}}}}],"lifecycleHooks":[]}},{"provider":{"token":{"identifier":{"reference":{"__symbol":18,"members":[]}}},"useClass":null,"useFactory":{"reference":{"__symbol":19,"members":[]},"diDeps":[]},"deps":[],"multi":false},"module":{"reference":{"__symbol":14,"members":[]},"diDeps":[{"isAttribute":false,"isHost":false,"isSelf":false,"isSkipSelf":false,"isOptional":false,"token":{"identifier":{"reference":{"__symbol":15,"members":[]}}}}],"lifecycleHooks":[]}},{"provider":{"token":{"identifier":{"reference":{"__symbol":20,"members":[]}}},"useClass":null,"useFactory":{"reference":{"__symbol":21,"members":[]},"diDeps":[]},"deps":[],"multi":false},"module":{"reference":{"__symbol":14,"members":[]},"diDeps":[{"isAttribute":false,"isHost":false,"isSelf":false,"isSkipSelf":false,"isOptional":false,"token":{"identifier":{"reference":{"__symbol":15,"members":[]}}}}],"lifecycleHooks":[]}},{"provider":{"token":{"identifier":{"reference":{"__symbol":22,"members":[]}}},"useClass":null,"useFactory":{"reference":{"__symbol":23,"members":[]},"diDeps":[]},"deps":[],"multi":false},"module":{"reference":{"__symbol":14,"members":[]},"diDeps":[{"isAttribute":false,"isHost":false,"isSelf":false,"isSkipSelf":false,"isOptional":false,"token":{"identifier":{"reference":{"__symbol":15,"members":[]}}}}],"lifecycleHooks":[]}},{"provider":{"token":{"identifier":{"reference":{"__symbol":5,"members":[]}}},"useClass":null,"useFactory":{"reference":{"__symbol":24,"members":[]},"diDeps":[{"isAttribute":false,"isHost":false,"isSelf":false,"isSkipSelf":true,"isOptional":true,"token":{"identifier":{"reference":{"__symbol":5,"members":[]}}}}]},"deps":[{"isAttribute":false,"isHost":false,"isSelf":false,"isSkipSelf":true,"isOptional":true,"token":{"identifier":{"reference":{"__symbol":5,"members":[]}}}}],"multi":false},"module":{"reference":{"__symbol":14,"members":[]},"diDeps":[{"isAttribute":false,"isHost":false,"isSelf":false,"isSkipSelf":false,"isOptional":false,"token":{"identifier":{"reference":{"__symbol":15,"members":[]}}}}],"lifecycleHooks":[]}},{"provider":{"token":{"identifier":{"reference":{"__symbol":25,"members":[]}}},"useClass":null,"useFactory":null,"useExisting":{"identifier":{"reference":{"__symbol":26,"members":[]}}},"multi":false},"module":{"reference":{"__symbol":27,"members":[]},"diDeps":[{"isAttribute":false,"isHost":false,"isSelf":false,"isSkipSelf":true,"isOptional":true,"token":{"identifier":{"reference":{"__symbol":27,"members":[]}}}}],"lifecycleHooks":[]}},{"provider":{"token":{"identifier":{"reference":{"__symbol":26,"members":[]}}},"useClass":{"reference":{"__symbol":28,"members":[]},"diDeps":[{"isAttribute":false,"isHost":false,"isSelf":false,"isSkipSelf":false,"isOptional":false,"token":{"identifier":{"reference":{"__symbol":29,"members":[]}}}}],"lifecycleHooks":[]},"useFactory":null,"deps":[{"isAttribute":false,"isHost":false,"isSelf":false,"isSkipSelf":false,"isOptional":false,"token":{"identifier":{"reference":{"__symbol":29,"members":[]}}}}],"multi":false},"module":{"reference":{"__symbol":27,"members":[]},"diDeps":[{"isAttribute":false,"isHost":false,"isSelf":false,"isSkipSelf":true,"isOptional":true,"token":{"identifier":{"reference":{"__symbol":27,"members":[]}}}}],"lifecycleHooks":[]}},{"provider":{"token":{"identifier":{"reference":{"__symbol":11,"members":[]}}},"useClass":null,"useFactory":{"reference":{"__symbol":30,"members":[]},"diDeps":[]},"deps":[],"multi":false},"module":{"reference":{"__symbol":27,"members":[]},"diDeps":[{"isAttribute":false,"isHost":false,"isSelf":false,"isSkipSelf":true,"isOptional":true,"token":{"identifier":{"reference":{"__symbol":27,"members":[]}}}}],"lifecycleHooks":[]}},{"provider":{"token":{"identifier":{"reference":{"__symbol":31,"members":[]}}},"useClass":{"reference":{"__symbol":32,"members":[]},"diDeps":[{"isAttribute":false,"isHost":false,"isSelf":false,"isSkipSelf":false,"isOptional":false,"token":{"identifier":{"reference":{"__symbol":29,"members":[]}}}}],"lifecycleHooks":[]},"useFactory":null,"deps":[{"isAttribute":false,"isHost":false,"isSelf":false,"isSkipSelf":false,"isOptional":false,"token":{"identifier":{"reference":{"__symbol":29,"members":[]}}}}],"multi":true},"module":{"reference":{"__symbol":27,"members":[]},"diDeps":[{"isAttribute":false,"isHost":false,"isSelf":false,"isSkipSelf":true,"isOptional":true,"token":{"identifier":{"reference":{"__symbol":27,"members":[]}}}}],"lifecycleHooks":[]}},{"provider":{"token":{"identifier":{"reference":{"__symbol":31,"members":[]}}},"useClass":{"reference":{"__symbol":33,"members":[]},"diDeps":[{"isAttribute":false,"isHost":false,"isSelf":false,"isSkipSelf":false,"isOptional":false,"token":{"identifier":{"reference":{"__symbol":29,"members":[]}}}}],"lifecycleHooks":[]},"useFactory":null,"deps":[{"isAttribute":false,"isHost":false,"isSelf":false,"isSkipSelf":false,"isOptional":false,"token":{"identifier":{"reference":{"__symbol":29,"members":[]}}}}],"multi":true},"module":{"reference":{"__symbol":27,"members":[]},"diDeps":[{"isAttribute":false,"isHost":false,"isSelf":false,"isSkipSelf":true,"isOptional":true,"token":{"identifier":{"reference":{"__symbol":27,"members":[]}}}}],"lifecycleHooks":[]}},{"provider":{"token":{"identifier":{"reference":{"__symbol":31,"members":[]}}},"useClass":{"reference":{"__symbol":34,"members":[]},"diDeps":[{"isAttribute":false,"isHost":false,"isSelf":false,"isSkipSelf":false,"isOptional":false,"token":{"identifier":{"reference":{"__symbol":29,"members":[]}}}},{"isAttribute":false,"isHost":false,"isSelf":false,"isSkipSelf":false,"isOptional":false,"token":{"identifier":{"reference":{"__symbol":35,"members":[]}}}}],"lifecycleHooks":[]},"useFactory":null,"deps":[{"isAttribute":false,"isHost":false,"isSelf":false,"isSkipSelf":false,"isOptional":false,"token":{"identifier":{"reference":{"__symbol":29,"members":[]}}}},{"isAttribute":false,"isHost":false,"isSelf":false,"isSkipSelf":false,"isOptional":false,"token":{"identifier":{"reference":{"__symbol":35,"members":[]}}}}],"multi":true},"module":{"reference":{"__symbol":27,"members":[]},"diDeps":[{"isAttribute":false,"isHost":false,"isSelf":false,"isSkipSelf":true,"isOptional":true,"token":{"identifier":{"reference":{"__symbol":27,"members":[]}}}}],"lifecycleHooks":[]}},{"provider":{"token":{"identifier":{"reference":{"__symbol":35,"members":[]}}},"useClass":{"reference":{"__symbol":36,"members":[]},"diDeps":[],"lifecycleHooks":[]},"useFactory":null,"deps":[],"multi":false},"module":{"reference":{"__symbol":27,"members":[]},"diDeps":[{"isAttribute":false,"isHost":false,"isSelf":false,"isSkipSelf":true,"isOptional":true,"token":{"identifier":{"reference":{"__symbol":27,"members":[]}}}}],"lifecycleHooks":[]}},{"provider":{"token":{"identifier":{"reference":{"__symbol":37,"members":[]},"diDeps":[{"isAttribute":false,"isHost":false,"isSelf":false,"isSkipSelf":false,"isOptional":false,"token":{"identifier":{"reference":{"__symbol":38,"members":[]}}}},{"isAttribute":false,"isHost":false,"isSelf":false,"isSkipSelf":false,"isOptional":false,"token":{"identifier":{"reference":{"__symbol":39,"members":[]}}}}],"lifecycleHooks":[]}},"useClass":{"reference":{"__symbol":37,"members":[]},"diDeps":[{"isAttribute":false,"isHost":false,"isSelf":false,"isSkipSelf":false,"isOptional":false,"token":{"identifier":{"reference":{"__symbol":38,"members":[]}}}},{"isAttribute":false,"isHost":false,"isSelf":false,"isSkipSelf":false,"isOptional":false,"token":{"identifier":{"reference":{"__symbol":39,"members":[]}}}}],"lifecycleHooks":[]},"useFactory":null,"deps":[{"isAttribute":false,"isHost":false,"isSelf":false,"isSkipSelf":false,"isOptional":false,"token":{"identifier":{"reference":{"__symbol":38,"members":[]}}}},{"isAttribute":false,"isHost":false,"isSelf":false,"isSkipSelf":false,"isOptional":false,"token":{"identifier":{"reference":{"__symbol":39,"members":[]}}}}],"multi":false},"module":{"reference":{"__symbol":27,"members":[]},"diDeps":[{"isAttribute":false,"isHost":false,"isSelf":false,"isSkipSelf":true,"isOptional":true,"token":{"identifier":{"reference":{"__symbol":27,"members":[]}}}}],"lifecycleHooks":[]}},{"provider":{"token":{"identifier":{"reference":{"__symbol":40,"members":[]}}},"useClass":null,"useFactory":null,"useExisting":{"identifier":{"reference":{"__symbol":37,"members":[]}}},"multi":false},"module":{"reference":{"__symbol":27,"members":[]},"diDeps":[{"isAttribute":false,"isHost":false,"isSelf":false,"isSkipSelf":true,"isOptional":true,"token":{"identifier":{"reference":{"__symbol":27,"members":[]}}}}],"lifecycleHooks":[]}},{"provider":{"token":{"identifier":{"reference":{"__symbol":41,"members":[]}}},"useClass":null,"useFactory":null,"useExisting":{"identifier":{"reference":{"__symbol":39,"members":[]}}},"multi":false},"module":{"reference":{"__symbol":27,"members":[]},"diDeps":[{"isAttribute":false,"isHost":false,"isSelf":false,"isSkipSelf":true,"isOptional":true,"token":{"identifier":{"reference":{"__symbol":27,"members":[]}}}}],"lifecycleHooks":[]}},{"provider":{"token":{"identifier":{"reference":{"__symbol":39,"members":[]},"diDeps":[{"isAttribute":false,"isHost":false,"isSelf":false,"isSkipSelf":false,"isOptional":false,"token":{"identifier":{"reference":{"__symbol":29,"members":[]}}}}],"lifecycleHooks":[1]}},"useClass":{"reference":{"__symbol":39,"members":[]},"diDeps":[{"isAttribute":false,"isHost":false,"isSelf":false,"isSkipSelf":false,"isOptional":false,"token":{"identifier":{"reference":{"__symbol":29,"members":[]}}}}],"lifecycleHooks":[1]},"useFactory":null,"deps":[{"isAttribute":false,"isHost":false,"isSelf":false,"isSkipSelf":false,"isOptional":false,"token":{"identifier":{"reference":{"__symbol":29,"members":[]}}}}],"multi":false},"module":{"reference":{"__symbol":27,"members":[]},"diDeps":[{"isAttribute":false,"isHost":false,"isSelf":false,"isSkipSelf":true,"isOptional":true,"token":{"identifier":{"reference":{"__symbol":27,"members":[]}}}}],"lifecycleHooks":[]}},{"provider":{"token":{"identifier":{"reference":{"__symbol":42,"members":[]},"diDeps":[{"isAttribute":false,"isHost":false,"isSelf":false,"isSkipSelf":false,"isOptional":false,"token":{"identifier":{"reference":{"__symbol":8,"members":[]}}}}],"lifecycleHooks":[]}},"useClass":{"reference":{"__symbol":42,"members":[]},"diDeps":[{"isAttribute":false,"isHost":false,"isSelf":false,"isSkipSelf":false,"isOptional":false,"token":{"identifier":{"reference":{"__symbol":8,"members":[]}}}}],"lifecycleHooks":[]},"useFactory":null,"deps":[{"isAttribute":false,"isHost":false,"isSelf":false,"isSkipSelf":false,"isOptional":false,"token":{"identifier":{"reference":{"__symbol":8,"members":[]}}}}],"multi":false},"module":{"reference":{"__symbol":27,"members":[]},"diDeps":[{"isAttribute":false,"isHost":false,"isSelf":false,"isSkipSelf":true,"isOptional":true,"token":{"identifier":{"reference":{"__symbol":27,"members":[]}}}}],"lifecycleHooks":[]}},{"provider":{"token":{"identifier":{"reference":{"__symbol":38,"members":[]},"diDeps":[{"isAttribute":false,"isHost":false,"isSelf":false,"isSkipSelf":false,"isOptional":false,"token":{"identifier":{"reference":{"__symbol":31,"members":[]}}}},{"isAttribute":false,"isHost":false,"isSelf":false,"isSkipSelf":false,"isOptional":false,"token":{"identifier":{"reference":{"__symbol":8,"members":[]}}}}],"lifecycleHooks":[]}},"useClass":{"reference":{"__symbol":38,"members":[]},"diDeps":[{"isAttribute":false,"isHost":false,"isSelf":false,"isSkipSelf":false,"isOptional":false,"token":{"identifier":{"reference":{"__symbol":31,"members":[]}}}},{"isAttribute":false,"isHost":false,"isSelf":false,"isSkipSelf":false,"isOptional":false,"token":{"identifier":{"reference":{"__symbol":8,"members":[]}}}}],"lifecycleHooks":[]},"useFactory":null,"deps":[{"isAttribute":false,"isHost":false,"isSelf":false,"isSkipSelf":false,"isOptional":false,"token":{"identifier":{"reference":{"__symbol":31,"members":[]}}}},{"isAttribute":false,"isHost":false,"isSelf":false,"isSkipSelf":false,"isOptional":false,"token":{"identifier":{"reference":{"__symbol":8,"members":[]}}}}],"multi":false},"module":{"reference":{"__symbol":27,"members":[]},"diDeps":[{"isAttribute":false,"isHost":false,"isSelf":false,"isSkipSelf":true,"isOptional":true,"token":{"identifier":{"reference":{"__symbol":27,"members":[]}}}}],"lifecycleHooks":[]}},{"provider":{"token":{"identifier":{"reference":{"__symbol":16,"members":[]}}},"useClass":null,"useFactory":{"reference":{"__symbol":43,"members":[]},"diDeps":[{"isAttribute":false,"isHost":false,"isSelf":false,"isSkipSelf":false,"isOptional":true,"token":{"identifier":{"reference":{"__symbol":44,"members":[]}}}},{"isAttribute":false,"isHost":false,"isSelf":false,"isSkipSelf":false,"isOptional":true,"token":{"identifier":{"reference":{"__symbol":45,"members":[]}}}}]},"deps":[{"isAttribute":false,"isHost":false,"isSelf":false,"isSkipSelf":false,"isOptional":true,"token":{"identifier":{"reference":{"__symbol":44,"members":[]}}}},{"isAttribute":false,"isHost":false,"isSelf":false,"isSkipSelf":false,"isOptional":true,"token":{"identifier":{"reference":{"__symbol":45,"members":[]}}}}],"multi":true},"module":{"reference":{"__symbol":27,"members":[]},"diDeps":[{"isAttribute":false,"isHost":false,"isSelf":false,"isSkipSelf":true,"isOptional":true,"token":{"identifier":{"reference":{"__symbol":27,"members":[]}}}}],"lifecycleHooks":[]}},{"provider":{"token":{"identifier":{"reference":{"__symbol":46,"members":[]},"diDeps":[{"isAttribute":false,"isHost":false,"isSelf":false,"isSkipSelf":false,"isOptional":false,"token":{"identifier":{"reference":{"__symbol":29,"members":[]}}}}],"lifecycleHooks":[]}},"useClass":{"reference":{"__symbol":46,"members":[]},"diDeps":[{"isAttribute":false,"isHost":false,"isSelf":false,"isSkipSelf":false,"isOptional":false,"token":{"identifier":{"reference":{"__symbol":29,"members":[]}}}}],"lifecycleHooks":[]},"useFactory":null,"deps":[{"isAttribute":false,"isHost":false,"isSelf":false,"isSkipSelf":false,"isOptional":false,"token":{"identifier":{"reference":{"__symbol":29,"members":[]}}}}],"multi":false},"module":{"reference":{"__symbol":27,"members":[]},"diDeps":[{"isAttribute":false,"isHost":false,"isSelf":false,"isSkipSelf":true,"isOptional":true,"token":{"identifier":{"reference":{"__symbol":27,"members":[]}}}}],"lifecycleHooks":[]}},{"provider":{"token":{"identifier":{"reference":{"__symbol":47,"members":[]},"diDeps":[{"isAttribute":false,"isHost":false,"isSelf":false,"isSkipSelf":false,"isOptional":false,"token":{"identifier":{"reference":{"__symbol":29,"members":[]}}}}],"lifecycleHooks":[]}},"useClass":{"reference":{"__symbol":47,"members":[]},"diDeps":[{"isAttribute":false,"isHost":false,"isSelf":false,"isSkipSelf":false,"isOptional":false,"token":{"identifier":{"reference":{"__symbol":29,"members":[]}}}}],"lifecycleHooks":[]},"useFactory":null,"deps":[{"isAttribute":false,"isHost":false,"isSelf":false,"isSkipSelf":false,"isOptional":false,"token":{"identifier":{"reference":{"__symbol":29,"members":[]}}}}],"multi":false},"module":{"reference":{"__symbol":27,"members":[]},"diDeps":[{"isAttribute":false,"isHost":false,"isSelf":false,"isSkipSelf":true,"isOptional":true,"token":{"identifier":{"reference":{"__symbol":27,"members":[]}}}}],"lifecycleHooks":[]}}],"modules":[{"reference":{"__symbol":6,"members":[]},"diDeps":[],"lifecycleHooks":[]},{"reference":{"__symbol":14,"members":[]},"diDeps":[{"isAttribute":false,"isHost":false,"isSelf":false,"isSkipSelf":false,"isOptional":false,"token":{"identifier":{"reference":{"__symbol":15,"members":[]}}}}],"lifecycleHooks":[]},{"reference":{"__symbol":27,"members":[]},"diDeps":[{"isAttribute":false,"isHost":false,"isSelf":false,"isSkipSelf":true,"isOptional":true,"token":{"identifier":{"reference":{"__symbol":27,"members":[]}}}}],"lifecycleHooks":[]},{"reference":{"__symbol":0,"members":[]},"diDeps":[],"lifecycleHooks":[]}],"exportedDirectives":[],"exportedPipes":[]}}],"symbols":[{"__symbol":0,"name":"AppModule","filePath":"/Users/Ibrahim/Documents/My_Mean_seed_complete/assets/app/app.module.d.ts"},{"__symbol":1,"name":"AppComponent","filePath":"/Users/Ibrahim/Documents/My_Mean_seed_complete/assets/app/app.component.d.ts"},{"__symbol":2,"name":"AppComponentNgFactory","filePath":"/Users/Ibrahim/Documents/My_Mean_seed_complete/assets/app/app.component.ngfactory.d.ts"},{"__symbol":3,"name":"NgLocalization","filePath":"/Users/Ibrahim/Documents/My_Mean_seed_complete/node_modules/@angular/common/common.d.ts"},{"__symbol":4,"name":"NgLocaleLocalization","filePath":"/Users/Ibrahim/Documents/My_Mean_seed_complete/node_modules/@angular/common/common.d.ts"},{"__symbol":5,"name":"LOCALE_ID","filePath":"/Users/Ibrahim/Documents/My_Mean_seed_complete/node_modules/@angular/core/core.d.ts"},{"__symbol":6,"name":"CommonModule","filePath":"/Users/Ibrahim/Documents/My_Mean_seed_complete/node_modules/@angular/common/common.d.ts"},{"__symbol":7,"name":"ɵe","filePath":"/Users/Ibrahim/Documents/My_Mean_seed_complete/node_modules/@angular/core/core.d.ts"},{"__symbol":8,"name":"NgZone","filePath":"/Users/Ibrahim/Documents/My_Mean_seed_complete/node_modules/@angular/core/core.d.ts"},{"__symbol":9,"name":"ɵConsole","filePath":"/Users/Ibrahim/Documents/My_Mean_seed_complete/node_modules/@angular/core/core.d.ts"},{"__symbol":10,"name":"Injector","filePath":"/Users/Ibrahim/Documents/My_Mean_seed_complete/node_modules/@angular/core/core.d.ts"},{"__symbol":11,"name":"ErrorHandler","filePath":"/Users/Ibrahim/Documents/My_Mean_seed_complete/node_modules/@angular/core/core.d.ts"},{"__symbol":12,"name":"ComponentFactoryResolver","filePath":"/Users/Ibrahim/Documents/My_Mean_seed_complete/node_modules/@angular/core/core.d.ts"},{"__symbol":13,"name":"ApplicationInitStatus","filePath":"/Users/Ibrahim/Documents/My_Mean_seed_complete/node_modules/@angular/core/core.d.ts"},{"__symbol":14,"name":"ApplicationModule","filePath":"/Users/Ibrahim/Documents/My_Mean_seed_complete/node_modules/@angular/core/core.d.ts"},{"__symbol":15,"name":"ApplicationRef","filePath":"/Users/Ibrahim/Documents/My_Mean_seed_complete/node_modules/@angular/core/core.d.ts"},{"__symbol":16,"name":"APP_INITIALIZER","filePath":"/Users/Ibrahim/Documents/My_Mean_seed_complete/node_modules/@angular/core/core.d.ts"},{"__symbol":17,"name":"Compiler","filePath":"/Users/Ibrahim/Documents/My_Mean_seed_complete/node_modules/@angular/core/core.d.ts"},{"__symbol":18,"name":"APP_ID","filePath":"/Users/Ibrahim/Documents/My_Mean_seed_complete/node_modules/@angular/core/core.d.ts"},{"__symbol":19,"name":"ɵf","filePath":"/Users/Ibrahim/Documents/My_Mean_seed_complete/node_modules/@angular/core/core.d.ts"},{"__symbol":20,"name":"IterableDiffers","filePath":"/Users/Ibrahim/Documents/My_Mean_seed_complete/node_modules/@angular/core/core.d.ts"},{"__symbol":21,"name":"ɵk","filePath":"/Users/Ibrahim/Documents/My_Mean_seed_complete/node_modules/@angular/core/core.d.ts"},{"__symbol":22,"name":"KeyValueDiffers","filePath":"/Users/Ibrahim/Documents/My_Mean_seed_complete/node_modules/@angular/core/core.d.ts"},{"__symbol":23,"name":"ɵl","filePath":"/Users/Ibrahim/Documents/My_Mean_seed_complete/node_modules/@angular/core/core.d.ts"},{"__symbol":24,"name":"ɵm","filePath":"/Users/Ibrahim/Documents/My_Mean_seed_complete/node_modules/@angular/core/core.d.ts"},{"__symbol":25,"name":"Sanitizer","filePath":"/Users/Ibrahim/Documents/My_Mean_seed_complete/node_modules/@angular/core/core.d.ts"},{"__symbol":26,"name":"DomSanitizer","filePath":"/Users/Ibrahim/Documents/My_Mean_seed_complete/node_modules/@angular/platform-browser/platform-browser.d.ts"},{"__symbol":27,"name":"BrowserModule","filePath":"/Users/Ibrahim/Documents/My_Mean_seed_complete/node_modules/@angular/platform-browser/platform-browser.d.ts"},{"__symbol":28,"name":"ɵe","filePath":"/Users/Ibrahim/Documents/My_Mean_seed_complete/node_modules/@angular/platform-browser/platform-browser.d.ts"},{"__symbol":29,"name":"DOCUMENT","filePath":"/Users/Ibrahim/Documents/My_Mean_seed_complete/node_modules/@angular/common/common.d.ts"},{"__symbol":30,"name":"ɵa","filePath":"/Users/Ibrahim/Documents/My_Mean_seed_complete/node_modules/@angular/platform-browser/platform-browser.d.ts"},{"__symbol":31,"name":"EVENT_MANAGER_PLUGINS","filePath":"/Users/Ibrahim/Documents/My_Mean_seed_complete/node_modules/@angular/platform-browser/platform-browser.d.ts"},{"__symbol":32,"name":"ɵDomEventsPlugin","filePath":"/Users/Ibrahim/Documents/My_Mean_seed_complete/node_modules/@angular/platform-browser/platform-browser.d.ts"},{"__symbol":33,"name":"ɵKeyEventsPlugin","filePath":"/Users/Ibrahim/Documents/My_Mean_seed_complete/node_modules/@angular/platform-browser/platform-browser.d.ts"},{"__symbol":34,"name":"ɵHammerGesturesPlugin","filePath":"/Users/Ibrahim/Documents/My_Mean_seed_complete/node_modules/@angular/platform-browser/platform-browser.d.ts"},{"__symbol":35,"name":"HAMMER_GESTURE_CONFIG","filePath":"/Users/Ibrahim/Documents/My_Mean_seed_complete/node_modules/@angular/platform-browser/platform-browser.d.ts"},{"__symbol":36,"name":"HammerGestureConfig","filePath":"/Users/Ibrahim/Documents/My_Mean_seed_complete/node_modules/@angular/platform-browser/platform-browser.d.ts"},{"__symbol":37,"name":"ɵDomRendererFactory2","filePath":"/Users/Ibrahim/Documents/My_Mean_seed_complete/node_modules/@angular/platform-browser/platform-browser.d.ts"},{"__symbol":38,"name":"EventManager","filePath":"/Users/Ibrahim/Documents/My_Mean_seed_complete/node_modules/@angular/platform-browser/platform-browser.d.ts"},{"__symbol":39,"name":"ɵDomSharedStylesHost","filePath":"/Users/Ibrahim/Documents/My_Mean_seed_complete/node_modules/@angular/platform-browser/platform-browser.d.ts"},{"__symbol":40,"name":"RendererFactory2","filePath":"/Users/Ibrahim/Documents/My_Mean_seed_complete/node_modules/@angular/core/core.d.ts"},{"__symbol":41,"name":"ɵSharedStylesHost","filePath":"/Users/Ibrahim/Documents/My_Mean_seed_complete/node_modules/@angular/platform-browser/platform-browser.d.ts"},{"__symbol":42,"name":"Testability","filePath":"/Users/Ibrahim/Documents/My_Mean_seed_complete/node_modules/@angular/core/core.d.ts"},{"__symbol":43,"name":"ɵc","filePath":"/Users/Ibrahim/Documents/My_Mean_seed_complete/node_modules/@angular/platform-browser/platform-browser.d.ts"},{"__symbol":44,"name":"NgProbeToken","filePath":"/Users/Ibrahim/Documents/My_Mean_seed_complete/node_modules/@angular/platform-browser/platform-browser.d.ts"},{"__symbol":45,"name":"NgProbeToken","filePath":"/Users/Ibrahim/Documents/My_Mean_seed_complete/node_modules/@angular/core/core.d.ts"},{"__symbol":46,"name":"Meta","filePath":"/Users/Ibrahim/Documents/My_Mean_seed_complete/node_modules/@angular/platform-browser/platform-browser.d.ts"},{"__symbol":47,"name":"Title","filePath":"/Users/Ibrahim/Documents/My_Mean_seed_complete/node_modules/@angular/platform-browser/platform-browser.d.ts"}]}